area,text,tag1,tag2,tag3
NEW GAME - ALEXANDRIA STEEPLE,Immediately configure your settings under the Config menu:,,,
NEW GAME - ALEXANDRIA STEEPLE,CURSOR > MEMORY,,,
NEW GAME - ALEXANDRIA STEEPLE,ATB > WAIT,,,
NEW GAME - ALEXANDRIA STEEPLE,MOVEMENT > RUN,,,
NEW GAME - ALEXANDRIA STEEPLE,BATTLE SPEED > MAX,,,
NEW GAME - ALEXANDRIA STEEPLE,FIELD MESSAGE > MAX,,,
NEW GAME - ALEXANDRIA STEEPLE,TARGET WINDOW > ALWAYS,,,
NEW GAME - ALEXANDRIA STEEPLE,CAMERA > FIXED,,,
NEW GAME - ALEXANDRIA STEEPLE,"Pick up the 2 treasures in the back of the room, then light the candle.",,,
NEW GAME - ALEXANDRIA STEEPLE,"Masked man: Have everyone Steal once; reset if you don't get the Mage Masher. Once you get the Mage Masher, simply have everyone attack themselves to end the battle; you won't get a Game Over.",,,
NEW GAME - ALEXANDRIA STEEPLE,Reply that you are kidnapping Princess Garnet; it takes 3 extra minutes to trigger the secret scene with Ruby and it's just regular dialogue.,,,
NEW GAME - ALEXANDRIA STEEPLE,"As Vivi, search the house to the right, then head up the street.",,,
NEW GAME - ALEXANDRIA STEEPLE,"Search the item shop, but skip the pub; you'll search it on Disc 3.",,,
NEW GAME - ALEXANDRIA STEEPLE,"When you arrive at the square, head right and search the shops; do not approach the ticket booth just yet. Also, don't forget the Phoenix Pinion to the left of the main gate.",,,
NEW GAME - ALEXANDRIA STEEPLE,"Leave the square by way of the bottom left exit and head toward the docks;enter the house ONLY if you see a girl run OUT of it, otherwise keep going. There are 2 treasures in this house, but you can pick them up on Disc 3.",,,
NEW GAME - ALEXANDRIA STEEPLE,"Speak with the boy behind the steeple, reply ""Yes"" and head all the way back to where you first gained control of Vivi.",,,
NEW GAME - ALEXANDRIA STEEPLE,"Head down, search the square and speak to the cat near the bottom of the screen. Now go to the ticket booth and show the ticket master your ticket.",,,
NEW GAME - ALEXANDRIA STEEPLE,"Then, enter the alley once again and choose the first answer to every question asked.",,,
NEW GAME - ALEXANDRIA STEEPLE,"Speak to Tom behind the steeple to claim your reward for finding the cat, a Bomb Card.",,,
NEW GAME - ALEXANDRIA STEEPLE,"Follow the Rat Boy into the steeple, search it and then attempt to climb the ladder.",,,
NEW GAME - ALEXANDRIA STEEPLE,Pick up Kupo's letter for delivery and save your game.,,,
NEW GAME - ALEXANDRIA STEEPLE,You can do some jump rope now but you can wait until after Excalibur II with little impact - see guide for details.,,,
NEW GAME - ALEXANDRIA STEEPLE,Target time: 00:08:25,,,
ALEXANDRIA STEEPLE - ALEXANDRIA CASTLE GUARDHOUSE,Climb the ladder and follow Rat Boy over the rooftops; don't forget tosearch all the bird nests for Gil.,,,
ALEXANDRIA STEEPLE - ALEXANDRIA CASTLE GUARDHOUSE,You don't need to press any buttons during the play - the dialogue advances automatically.,,,
ALEXANDRIA STEEPLE - ALEXANDRIA CASTLE GUARDHOUSE,"BATTLE: KING LEO, BENERO, ZENERO",,,
ALEXANDRIA STEEPLE - ALEXANDRIA CASTLE GUARDHOUSE,• Attack Benero and Zenero once each with anyone except Cinna in order to minimize the amount of fake magic animations you have to watch.,,,
ALEXANDRIA STEEPLE - ALEXANDRIA CASTLE GUARDHOUSE,"• If they attack with magic before your ATB is full, then don't bother with them and begin attacking King Leo, since they will most likely switch to quick physical attacks for the next round anyway.",,,
ALEXANDRIA STEEPLE - ALEXANDRIA CASTLE GUARDHOUSE,• Attack King Leo 5 to 6 times to end the battle.,,,
ALEXANDRIA STEEPLE - ALEXANDRIA CASTLE GUARDHOUSE,"IMPRESSING ALL 100 NOBLES - You need to do this for the missable and unique Moonstone which you are later given as a reward. The 10,000 Gil also comes in VERY handy.",,,
ALEXANDRIA STEEPLE - ALEXANDRIA CASTLE GUARDHOUSE,"When you encounter Garnet on the stairs, choose whatever option you want.",,,
ALEXANDRIA STEEPLE - ALEXANDRIA CASTLE GUARDHOUSE,"As Steiner, run up the stairs, through the lower exit and speak to Queen Brahne to claim your well-deserved Moonstone.",,,
ALEXANDRIA STEEPLE - ALEXANDRIA CASTLE GUARDHOUSE,"Run down the stairs, to the right and save your game with Mosh the moogle.",,,
ALEXANDRIA STEEPLE - ALEXANDRIA CASTLE GUARDHOUSE,TARGET TIME : 00:17:32 (+ 9:08),,,
ALEXANDRIA CASTLE GUARDHOUSE - PRIMA VISTA CRASH SITE,Enter the door under the walkway and catch the Pluto Knight running on the balcony.,,,
ALEXANDRIA CASTLE GUARDHOUSE - PRIMA VISTA CRASH SITE,Enter the right chamber on the second floor and speak to the Pluto Knight.,,,
ALEXANDRIA CASTLE GUARDHOUSE - PRIMA VISTA CRASH SITE,"Go back and down the stairs to the first floor, and then enter the left room to find yet another Pluto Knight.",,,
ALEXANDRIA CASTLE GUARDHOUSE - PRIMA VISTA CRASH SITE,Exit the library and leave the castle.,,,
ALEXANDRIA CASTLE GUARDHOUSE - PRIMA VISTA CRASH SITE,"Talk to the Pluto Knight by the water, then head left and talk to the Pluto Knight by the tower entrance.",,,
ALEXANDRIA CASTLE GUARDHOUSE - PRIMA VISTA CRASH SITE,"Optional: Head right and talk to the disguised Marcus. He doesn't count towards the total, but Steiner will make a comment about there having been an extra knight in his count when getting the Elixir.",,,
ALEXANDRIA CASTLE GUARDHOUSE - PRIMA VISTA CRASH SITE,Enter and climb the tower.,,,
ALEXANDRIA CASTLE GUARDHOUSE - PRIMA VISTA CRASH SITE,"Speak with the final Pluto Knight on the stairway to receive an Elixir, then continue to the top of the tower.",,,
ALEXANDRIA CASTLE GUARDHOUSE - PRIMA VISTA CRASH SITE,Optimize Zidane and follow the princess.,,,
ALEXANDRIA CASTLE GUARDHOUSE - PRIMA VISTA CRASH SITE,"Once in the boiler room, turn the lever both ways to make 2 treasure chests fall from the ceiling; open them and go through the door.",,,
ALEXANDRIA CASTLE GUARDHOUSE - PRIMA VISTA CRASH SITE,BATTLE: STEINER,,,
ALEXANDRIA CASTLE GUARDHOUSE - PRIMA VISTA CRASH SITE,• 1st fight: Have Zidane attack and Blank and Cinna Steal a Leather Hat (and a Silk Shirt if you like).,,,
ALEXANDRIA CASTLE GUARDHOUSE - PRIMA VISTA CRASH SITE,• 2nd fight: Knock out everyone except Garnet.,,,
ALEXANDRIA CASTLE GUARDHOUSE - PRIMA VISTA CRASH SITE,• 3rd fight: Knock out everyone except Garnet.,,,
ALEXANDRIA CASTLE GUARDHOUSE - PRIMA VISTA CRASH SITE,"At the crash site, watch the ATE and save your game.",,,
ALEXANDRIA CASTLE GUARDHOUSE - PRIMA VISTA CRASH SITE,TARGET TIME : 00:31:33 (+14:01),,,
EVIL FOREST SPRING - GUNITAS BASIN,Head deeper into the forest to find Garnet.,,,
EVIL FOREST SPRING - GUNITAS BASIN,BATTLE: PLANT BRAIN,,,
EVIL FOREST SPRING - GUNITAS BASIN,• Have Zidane knock himself out to make Blank appear and push the fight into the second and final phase.,,,
EVIL FOREST SPRING - GUNITAS BASIN,"• Vivi and Steiner should have full or nearly full ATB gauges by the time Blank shows up, so use Fire, Fire Sword and Blank's physical attack all at once to finish the battle in a single round.",,,
EVIL FOREST SPRING - GUNITAS BASIN,"• If you're very lucky, Plant Brain may not even get a single turn.",,,
EVIL FOREST SPRING - GUNITAS BASIN,• Don't waste your time stealing anything; it's not worth it.,,,
EVIL FOREST SPRING - GUNITAS BASIN,"Unequip Blank and replace his Iron Sword with a Broadsword, then continue onward.",,,
EVIL FOREST SPRING - GUNITAS BASIN,BATTLE: PLANT SPIDER x 2,,,
EVIL FOREST SPRING - GUNITAS BASIN,"• If there are more than 2 Plant Spiders, RESET THE GAME and try again.",,,
EVIL FOREST SPRING - GUNITAS BASIN,• Use a spreaded Fire spell or two physical attacks to win the battle; make sure everyone survives to keep your party at Lv 1.,,,
EVIL FOREST SPRING - GUNITAS BASIN,"• Do NOT have Blank absorb all the EXP, as that will make Amarant join the party at Lv 3. You have been warned.",,,
EVIL FOREST SPRING - GUNITAS BASIN,"BASE STATS: You can let Steiner absorb all of the forced EXP here, regardless of how many Plant Spiders appear.",,,
EVIL FOREST SPRING - GUNITAS BASIN,"Skip the tutorial by choosing ""Nothing"".",,,
EVIL FOREST SPRING - GUNITAS BASIN,"On the World Map, head south while the nameplate is displayed to avoid random battles and enter Ice Cavern.",,,
EVIL FOREST SPRING - GUNITAS BASIN,Exit immediately after the scenes and save your game.,,,
EVIL FOREST SPRING - GUNITAS BASIN,"TARGET TIME : 00:50:33 (+ 7:50) | TARGET GIL : 12,013 | ENCOUNTERS : 0 |",,,
GUNITAS BASIN - ICE CAVERN CAVE,"This is a pretty straightforward area, just search every screen.",,,
GUNITAS BASIN - ICE CAVERN CAVE,Never make contact with the white wind as touching it instantly throws you into a random battle. Wait for it to die down or turn dark; that's when it's safe to pass through.,,,
GUNITAS BASIN - ICE CAVERN CAVE,"Although it's still not exactly easy, you can make it through the entire area without any encounters by changing screens a bit more often than otherwise necessary - changing screens resets the encounter check.",,,
GUNITAS BASIN - ICE CAVERN CAVE,"On the screen with the Potion and the Ether, pick up only one per trip, backtracking to the previous screen after getting each, and then getting past the screen on a third entry. You may want to start with the Potion since it's the harder to grab without a battle.",,,
GUNITAS BASIN - ICE CAVERN CAVE,"On the screen after that, get both of the chests on the right, then move on to the next area and immediately backtrack to defrost the wall and loot the third chest.",,,
GUNITAS BASIN - ICE CAVERN CAVE,"In the final area, grab the Phoenix Down and continue onward.",,,
GUNITAS BASIN - ICE CAVERN CAVE,"Head left at the fork, defrost Mois the moogle, skip the tutorial, accept the letter for Gumo, and finally save.",,,
GUNITAS BASIN - ICE CAVERN CAVE,"Now backtrack to the previous area, defrost the wall, and pick up the Leather Wrist in the chest at the end of the tunnel.",,,
GUNITAS BASIN - ICE CAVERN CAVE,"Make sure Zidane is equipped with the Mage Masher, Leather Hat, Leather Wrist, Leather Shirt, and Moonstone.",,,
GUNITAS BASIN - ICE CAVERN CAVE,Optimize everyone else and activate Steiner's Bird Killer ability.,,,
GUNITAS BASIN - ICE CAVERN CAVE,Return to the fork and save again with Mois.,,,
GUNITAS BASIN - ICE CAVERN CAVE,[TARGET TIME: 00:54:48],,,
GUNITAS BASIN - ICE CAVERN CAVE,Move onward to confront...,,,
GUNITAS BASIN - ICE CAVERN CAVE,BATTLE: BLACK WALTZ #1 & SEALION,,,
GUNITAS BASIN - ICE CAVERN CAVE,• Alternate between attacking Black Waltz #1 and using a Potion.,,,
GUNITAS BASIN - ICE CAVERN CAVE,"• Once Black Waltz #1 is defeated, begin Stealing from Sealion.",,,
GUNITAS BASIN - ICE CAVERN CAVE,• Use a Potion when needed and wait for the Trance gauge to fill.,,,
GUNITAS BASIN - ICE CAVERN CAVE,"• Reset if you don't steal the Mythril Dagger; if you steal it and have extra turns left, make sure you get his Ether as well.",,,
GUNITAS BASIN - ICE CAVERN CAVE,"• Once Zidane reaches Trance, use a physical attack followed by Tidal Flame to end the battle. |",,,
GUNITAS BASIN - ICE CAVERN CAVE,Z | Protect Girls 8/35,,,
GUNITAS BASIN - ICE CAVERN CAVE,"Go chill with Mois again after the battle :P (yes, pun intended)",,,
GUNITAS BASIN - ICE CAVERN CAVE,"TARGET TIME : 01:02:14 (+11:41) | TARGET GIL : 12,352 | ENCOUNTERS : 0",,,
ICE CAVERN CAVE - DALI STORAGE AREA,Say goodbye to Ice Cavern and run across Nolrich Heights to enter Dali.,,,
ICE CAVERN CAVE - DALI STORAGE AREA,"Leave the inn, head upwards and right to enter a farm plot, then go back to enter and exit the pub, and then enter and exit the windmill.",,,
ICE CAVERN CAVE - DALI STORAGE AREA,"Speak with Vivi, then go to the shop across from the inn; Garnet should be there now.",,,
ICE CAVERN CAVE - DALI STORAGE AREA,"After the conversation, sell all your Phoenix Pinion and buy the following:",,,
ICE CAVERN CAVE - DALI STORAGE AREA,": 97 Wrist            12,610",,,
ICE CAVERN CAVE - DALI STORAGE AREA,":  5 Feather Hat       1,000",,,
ICE CAVERN CAVE - DALI STORAGE AREA,:  3 Leather Shirt       810,,,
ICE CAVERN CAVE - DALI STORAGE AREA,"Now return to the inn and deliver Mois's letter to Gumo, then go to your room and talk to Garnet.",,,
ICE CAVERN CAVE - DALI STORAGE AREA,"After the scenes, head back to where you spoke with Vivi earlier, and then enter the windmill and go down the hatch.",,,
ICE CAVERN CAVE - DALI STORAGE AREA,"Make your way through the screens until you reunite with Vivi, picking up all the items except the Iron Helm, which you should grab on the way back to the barrel with Kumop.",,,
ICE CAVERN CAVE - DALI STORAGE AREA,"Find Kumop in the barrel, take his letter to Mogki and save your game.",,,
ICE CAVERN CAVE - DALI STORAGE AREA,"TARGET TIME : 01:14:22 (+12:08) | TARGET GIL :  1,108  | ENCOUNTERS : 0 |",,,
DALI STORAGE AREA - LINDBLUM INN,"Proceed onward, then examine and choose to open the large door; run from the resulting battle with Flee or, if you're lucky, L1+R1 escape. Since the save point is so close, I would reset if you get stuck watching too many spell animations before running away.",,,
DALI STORAGE AREA - LINDBLUM INN,"Open all 3 chests in the Mist room, then continue to the end of the area.",,,
DALI STORAGE AREA - LINDBLUM INN,Optimize Zidane and Vivi and activate Zidane's Bandit ability.,,,
DALI STORAGE AREA - LINDBLUM INN,Don't bother healing or reviving anyone as you will be fully healed prior to the upcoming boss fight.,,,
DALI STORAGE AREA - LINDBLUM INN,"Steiner should be equipped with the Iron Sword, Bronze Helm, Bronze Gloves and Bronze Armor, with the Bird Killer ability activated; if not, make the necessary adjustments now.",,,
DALI STORAGE AREA - LINDBLUM INN,"Head down the mountain, pick up both treasures at the base, enter Morrid's house and stand still; this often makes him come inside immediately.",,,
DALI STORAGE AREA - LINDBLUM INN,"Talk to Morrid, then leave Observatory Mountain.",,,
DALI STORAGE AREA - LINDBLUM INN,Choose the second option when examining the barrel.,,,
DALI STORAGE AREA - LINDBLUM INN,BATTLE: BLACK WALTZ #2,,,
DALI STORAGE AREA - LINDBLUM INN,• Don't enter any commands until Black Waltz #2 makes his first move.,,,
DALI STORAGE AREA - LINDBLUM INN,"• Make both Steiner and Zidane attack (Fire Sword if Vivi survives the boss's first attack), and keep Vivi and Garnet on stand-by. Don't heal any damage yet.",,,
DALI STORAGE AREA - LINDBLUM INN,"• Wait for Black Waltz #2's second attack to connect, then have Vivi attack whoever was targeted by this move. If it was him and he was knocked out then the boss did this step for you.",,,
DALI STORAGE AREA - LINDBLUM INN,"• Next, make Steiner and Zidane attack again.",,,
DALI STORAGE AREA - LINDBLUM INN,"• Finally, have Garnet throw a Potion on Steiner or Zidane if they're no longer at full HP.",,,
DALI STORAGE AREA - LINDBLUM INN,• Black Waltz #2's Fira counter should be neutralized and so his third attack will now be another single-target one.,,,
DALI STORAGE AREA - LINDBLUM INN,• Have Steiner and Zidane attack to win the battle; you can use Fire Sword if Vivi hasn't been knocked out.,,,
DALI STORAGE AREA - LINDBLUM INN,"• If you didn't Steal an Ether from Sealion, then make sure Black Waltz #2 drops 2 of them.",,,
DALI STORAGE AREA - LINDBLUM INN,Choose to depart immediately after Garnet corrects her speech.,,,
DALI STORAGE AREA - LINDBLUM INN,"On the airship, climb the ladder in the back of the engine room and head into the cockpit.",,,
DALI STORAGE AREA - LINDBLUM INN,BATTLE: BLACK WALTZ #3,,,
DALI STORAGE AREA - LINDBLUM INN,• This battle is very easy because it always follows the same pattern.,,,
DALI STORAGE AREA - LINDBLUM INN,"• For the first round, have Zidane attack, Steiner use Fire Sword and Vivi cast Fire x 2.",,,
DALI STORAGE AREA - LINDBLUM INN,"• For the second round, let Zidane Steal once, then use Fire Sword and Dbl Fire again to win the battle.",,,
DALI STORAGE AREA - LINDBLUM INN,"In Lindblum, remove everyone's equipment before boarding the lift with Minister Artania.",,,
DALI STORAGE AREA - LINDBLUM INN,"Once you regain control of Zidane at the inn, skip the last tutorial, enter the neighboring room and read the letter from Ruby; save your game.",,,
DALI STORAGE AREA - LINDBLUM INN,"TARGET TIME : 01:35:48 (+21:26) | TARGET GIL : 1,779 | ENCOUNTERS : 0",,,
LINDBLUM INN - LINDBLUM CASTLE GUEST ROOM,"Head downstairs, pick up the Gil near the entrance and exit the building.",,,
LINDBLUM INN - LINDBLUM CASTLE GUEST ROOM,"Go upwards to the market square, search the left street area and the house between the two streets.",,,
LINDBLUM INN - LINDBLUM CASTLE GUEST ROOM,Head down the right alley and enter Dragoos' Weapon Shop. Auto-arrange your inventory if you like.,,,
LINDBLUM INN - LINDBLUM CASTLE GUEST ROOM,"You will need a minimum of 15,120 Gil to make the following purchases. You should be able to make at least the following transactions:",,,
LINDBLUM INN - LINDBLUM CASTLE GUEST ROOM,SELL,,,
LINDBLUM INN - LINDBLUM CASTLE GUEST ROOM, : 5 Hi-Potion 500,,,
LINDBLUM INN - LINDBLUM CASTLE GUEST ROOM," : 10 Ether 10,000",,,
LINDBLUM INN - LINDBLUM CASTLE GUEST ROOM, : 3 Remedy 450,,,
LINDBLUM INN - LINDBLUM CASTLE GUEST ROOM, : 2 Eye Drops 50,,,
LINDBLUM INN - LINDBLUM CASTLE GUEST ROOM, : 1 Echo Screen 25,,,
LINDBLUM INN - LINDBLUM CASTLE GUEST ROOM," : 1 Phoenix Pinion 1,000",,,
LINDBLUM INN - LINDBLUM CASTLE GUEST ROOM, : 1 Rubber Helm 125,,,
LINDBLUM INN - LINDBLUM CASTLE GUEST ROOM, : 2 Silk Shirt 400,,,
LINDBLUM INN - LINDBLUM CASTLE GUEST ROOM, : 1 Bronze Armor 325,,,
LINDBLUM INN - LINDBLUM CASTLE GUEST ROOM, : 2 Tent 800,,,
LINDBLUM INN - LINDBLUM CASTLE GUEST ROOM,BUY,,,
LINDBLUM INN - LINDBLUM CASTLE GUEST ROOM,": 12 Steepled Hat 3,120",,,
LINDBLUM INN - LINDBLUM CASTLE GUEST ROOM,": 12 Cotton Robe 12,000",,,
LINDBLUM INN - LINDBLUM CASTLE GUEST ROOM,"You can basically sell all copies of the above items, except for Tent. If you're planning to have Zidane win the Festival of the Hunt (read the next section for a detailed explanation) then you should leave at least 1 Tent in your inventory, preferably 2. If you plan to have Freya win then you can just sell all your Tent.",,,
LINDBLUM INN - LINDBLUM CASTLE GUEST ROOM,Now do business as follows:,,,
LINDBLUM INN - LINDBLUM CASTLE GUEST ROOM,SELL:,,,
LINDBLUM INN - LINDBLUM CASTLE GUEST ROOM,": 12 Cotton Robe 24,000",,,
LINDBLUM INN - LINDBLUM CASTLE GUEST ROOM,BUY,,,
LINDBLUM INN - LINDBLUM CASTLE GUEST ROOM,": 19 Steepled Hat 4,940",,,
LINDBLUM INN - LINDBLUM CASTLE GUEST ROOM,": 19 Cotton Robe 19,000",,,
LINDBLUM INN - LINDBLUM CASTLE GUEST ROOM,SELL,,,
LINDBLUM INN - LINDBLUM CASTLE GUEST ROOM,: 19 Cotton Robe,,,
LINDBLUM INN - LINDBLUM CASTLE GUEST ROOM,BUY,,,
LINDBLUM INN - LINDBLUM CASTLE GUEST ROOM,": 30 Steepled Hat 7,800",,,
LINDBLUM INN - LINDBLUM CASTLE GUEST ROOM,": 30 Cotton Robe 30,000",,,
LINDBLUM INN - LINDBLUM CASTLE GUEST ROOM,SELL,,,
LINDBLUM INN - LINDBLUM CASTLE GUEST ROOM,": 30 Cotton Robe 60,000",,,
LINDBLUM INN - LINDBLUM CASTLE GUEST ROOM,BUY,,,
LINDBLUM INN - LINDBLUM CASTLE GUEST ROOM,: 1 Dagger 320,,,
LINDBLUM INN - LINDBLUM CASTLE GUEST ROOM,": 2 Mage Masher 1,000",,,
LINDBLUM INN - LINDBLUM CASTLE GUEST ROOM,: 1 Javelin 880,,,
LINDBLUM INN - LINDBLUM CASTLE GUEST ROOM,": 43 Steepled Hat 11,180",,,
LINDBLUM INN - LINDBLUM CASTLE GUEST ROOM,: 1 Butterfly Sword 300,,,
LINDBLUM INN - LINDBLUM CASTLE GUEST ROOM,: 1 The Ogre 700,,,
LINDBLUM INN - LINDBLUM CASTLE GUEST ROOM,": 38 Cotton Robe 38,000",,,
LINDBLUM INN - LINDBLUM CASTLE GUEST ROOM,": 4 Desert Boots 1,200",,,
LINDBLUM INN - LINDBLUM CASTLE GUEST ROOM,": 4 Yellow Scarf 1,600",,,
LINDBLUM INN - LINDBLUM CASTLE GUEST ROOM,Return to the aircab terminal opposite the Lindblum inn and commute to the Industrial District.,,,
LINDBLUM INN - LINDBLUM CASTLE GUEST ROOM,"Loot the place, then fly to the Theater District and head to the Tantalus hideout.",,,
LINDBLUM INN - LINDBLUM CASTLE GUEST ROOM,"Pick up all the treasures in the hideout, then head down the stairs outside.",,,
LINDBLUM INN - LINDBLUM CASTLE GUEST ROOM,"Speak with the crowd, then follow the ""moogle"" to Artist Michael's studio.",,,
LINDBLUM INN - LINDBLUM CASTLE GUEST ROOM,"Take the Moogle Suit, the Autograph and the Ore, then take an aircab to Lindblum Castle.",,,
LINDBLUM INN - LINDBLUM CASTLE GUEST ROOM,"Enter the guest room, speak with Steiner and then attempt to take the lift.",,,
LINDBLUM INN - LINDBLUM CASTLE GUEST ROOM,"Speak to the sleeping guard outside the guest room, then take the lift and find Garnet at the overlook.",,,
LINDBLUM INN - LINDBLUM CASTLE GUEST ROOM,Find all 6 areas with the telescope.,,,
LINDBLUM INN - LINDBLUM CASTLE GUEST ROOM,"Back in the guest room, open both chests, deliver Kumop's letter, take the letter for Atla and save your game.",,,
LINDBLUM INN - LINDBLUM CASTLE GUEST ROOM,"TARGET TIME : 01:51:20 (+15:32) | TARGET GIL : 6,151 | ENCOUNTERS : 0 |",,,
LINDBLUM CASTLE GUEST ROOM - LINDBLUM DRAGON'S GATE,Use FAQ to decide who you want to win the festival,,,
LINDBLUM CASTLE GUEST ROOM - LINDBLUM DRAGON'S GATE,Head straight for the aircab dock - you'll have plenty of time for all other preparations once the festival timer starts.,,,
LINDBLUM CASTLE GUEST ROOM - LINDBLUM DRAGON'S GATE,"Equip Zidane with The Ogre, Steepled Hat, Leather Wrist, Bronze Vest and Yellow Scarf; activate his Beast Killer ability; put him in the back row.",,,
LINDBLUM CASTLE GUEST ROOM - LINDBLUM DRAGON'S GATE,"If you want Zidane or Vivi to win, then just wait in the Business District shopping area to fight Zaghnol.",,,
LINDBLUM CASTLE GUEST ROOM - LINDBLUM DRAGON'S GATE,Avoid the Trick Sparrow outside the station by hugging the right side of the screen (the Mu only appears after battling the Trick Sparrow so don't worry about it). Doing this also leaves you with the most possible options for monsters to fight after Zaghnol if you want a specific number of points for Zidane.,,,
LINDBLUM CASTLE GUEST ROOM - LINDBLUM DRAGON'S GATE,"If you want Freya to be the victor, then engage one of the Fangs in the Business District. Either the one standing on the left or the one chasing Vivi will do.",,,
LINDBLUM CASTLE GUEST ROOM - LINDBLUM DRAGON'S GATE,Simply have Zidane remain idle and get beat up by the Fang to fill up his Trance gauge. Use a Potion whenever needed and knock out the Fang once you're 1 or 2 hits away from reaching Trance.,,,
LINDBLUM CASTLE GUEST ROOM - LINDBLUM DRAGON'S GATE,"Wait until the clock reads 4:30 or less, then go to the square to fight...",,,
LINDBLUM CASTLE GUEST ROOM - LINDBLUM DRAGON'S GATE,BATTLE: ZAGHNOL (ZIDANE),,,
LINDBLUM CASTLE GUEST ROOM - LINDBLUM DRAGON'S GATE,• Have Zidane and Freya throw Tent until it connects.,,,
LINDBLUM CASTLE GUEST ROOM - LINDBLUM DRAGON'S GATE,• Then make Freya Jump each round and Zidane Steal. Use a Potion if Heave connects and have Zidane begin attacking once you've stolen the Needle Fork. ,,,
LINDBLUM CASTLE GUEST ROOM - LINDBLUM DRAGON'S GATE,"• Zaghnol has 1,574 HP; keep track of it with a calculator and make sure Zidane deals the finishing blow. ",,,
LINDBLUM CASTLE GUEST ROOM - LINDBLUM DRAGON'S GATE,BATTLE: ZAGHNOL (FREYA) ,,,
LINDBLUM CASTLE GUEST ROOM - LINDBLUM DRAGON'S GATE,• Make Zidane Steal and keep Freya on stand-by to administer Potion. ,,,
LINDBLUM CASTLE GUEST ROOM - LINDBLUM DRAGON'S GATE,• You will most likely need to get the Needle Fork within 2 attempts. ,,,
LINDBLUM CASTLE GUEST ROOM - LINDBLUM DRAGON'S GATE,"• Zidane should enter Trance within 1 or 2 attacks from Zaghnol; once he does and you have the Needle Fork, simply use Shift Break and have Freya Jump to end the battle with her dealing the finishing blow. ",,,
LINDBLUM CASTLE GUEST ROOM - LINDBLUM DRAGON'S GATE,BATTLE: ZAGHNOL (VIVI) ,,,
LINDBLUM CASTLE GUEST ROOM - LINDBLUM DRAGON'S GATE,• Have Zidane Steal until he grabs the Needle Fork and keep Freya on stand-by to administer Potion or Phoenix Down if needed. ,,,
LINDBLUM CASTLE GUEST ROOM - LINDBLUM DRAGON'S GATE,• Knock out both of them once you have the Needle Fork. ,,,
LINDBLUM CASTLE GUEST ROOM - LINDBLUM DRAGON'S GATE,If you want Zidane to win then after the battle you will still have the time left on the clock to seek out the necessary monster(s) for any remaining points. If you want to get 100 then it should be possible for almost all values awarded for Zaghnol; check the tables.,,,
LINDBLUM CASTLE GUEST ROOM - LINDBLUM DRAGON'S GATE,Don't forget to heal Zidane and equip The Ogre.,,,
LINDBLUM CASTLE GUEST ROOM - LINDBLUM DRAGON'S GATE,"Some luck is involved as you never have more than a 1 out of 3 chance of getting the desired value, but these are rather good odds compared to some other things in this challenge.",,,
LINDBLUM CASTLE GUEST ROOM - LINDBLUM DRAGON'S GATE,"After the scenes, take the lift to the base level station, ride to and open the chest at the Serpent's Gate and then ride straight to the Dragon's Gate.",,,
LINDBLUM CASTLE GUEST ROOM - LINDBLUM DRAGON'S GATE,"Read the letter Moodon received from Stiltzkin, then save your game.",,,
LINDBLUM CASTLE GUEST ROOM - LINDBLUM DRAGON'S GATE,"TARGET TIME : 02:07:43 (+16:23) | TARGET GIL :  11,151 | ENCOUNTERS : 0",,,
LINDBLUM DRAGON'S GATE - EUNORUS PLAINS,"Pick up the Tent behind the platform, then head out into the Mist.",,,
LINDBLUM DRAGON'S GATE - EUNORUS PLAINS,"Cross the wetlands to Qu's Marsh, head to the pond and catch a frog for Quina (the huge one in the top right corner of the marsh is easy to catch).",,,
LINDBLUM DRAGON'S GATE - EUNORUS PLAINS,BASE STATS: You can let Freya absorb any EXP you might come across once Quina has joined the party. (Hint: Type A x 2)                                  |,,,
LINDBLUM DRAGON'S GATE - EUNORUS PLAINS,Equip your party as follows:,,,
LINDBLUM DRAGON'S GATE - EUNORUS PLAINS,"VIVI: Mage Staff, Steepled Hat, Leather Wrist, Cotton Robe, Yellow Scarf",,,
LINDBLUM DRAGON'S GATE - EUNORUS PLAINS,"ZIDANE: Butterfly Sword, Steepled Hat, Glass Armlet, Leather Shirt, Yellow Scarf",,,
LINDBLUM DRAGON'S GATE - EUNORUS PLAINS,"FREYA: Javelin, Iron Helm, Bronze Gloves, Linen Cuirass, Yellow Scarf",,,
LINDBLUM DRAGON'S GATE - EUNORUS PLAINS,"QUINA: Needle Fork, Feather Hat, Leather Wrist, Bronze Vest, Yellow Scarf, Add Status, Millionaire",,,
LINDBLUM DRAGON'S GATE - EUNORUS PLAINS,Make sure only Zidane and Freya are in the front row.,,,
LINDBLUM DRAGON'S GATE - EUNORUS PLAINS,Leave Qu's Marsh by way of the right path to avoid the frog-catching mini-game and head to Gizamaluke's Grotto.,,,
LINDBLUM DRAGON'S GATE - EUNORUS PLAINS,"Enter, pick up the first Gizamaluke Bell, then exit and save right outsidethe entrance.",,,
LINDBLUM DRAGON'S GATE - EUNORUS PLAINS,[TARGET TIME: 02:12:37],,,
LINDBLUM DRAGON'S GATE - EUNORUS PLAINS,Now enter the main cavern to initiate your first and worst forced EXP encounter :),,,
LINDBLUM DRAGON'S GATE - EUNORUS PLAINS,BATTLE: TYPE A x 2,,,
LINDBLUM DRAGON'S GATE - EUNORUS PLAINS, • The goal is to Petrify both Type A's with the Needle Fork. ,,,
LINDBLUM DRAGON'S GATE - EUNORUS PLAINS," • Ideally, you would Petrify them both with only 2 hits total, but the probability of this is only 1%. A more reasonable target would be to Petrify both within 4 or less hits - that's a 5% (1/20) chance. ",,,
LINDBLUM DRAGON'S GATE - EUNORUS PLAINS," • Have Quina attack non-stop and everyone else Defend, only using a Potion on themselves or Quina if they get low on HP. ",,,
LINDBLUM DRAGON'S GATE - EUNORUS PLAINS," • Keep in mind that the Type A's have 398 HP, so you may need to heal them as well, although chances are the battle will already have dragged on a bit too long if it comes to that. ",,,
LINDBLUM DRAGON'S GATE - EUNORUS PLAINS,|   Z   | Protect Girls 12/35 |                     |                     |,,,
LINDBLUM DRAGON'S GATE - EUNORUS PLAINS,|   F   | Bird Killer    2/30 | Dragon Killer  2/70 | Cover          2/30 |,,,
LINDBLUM DRAGON'S GATE - EUNORUS PLAINS,"After the battle, backtrack out of the grotto once again and head east to Chocobo's Forest.",,,
LINDBLUM DRAGON'S GATE - EUNORUS PLAINS,Save a few steps outside the grotto.,,,
LINDBLUM DRAGON'S GATE - EUNORUS PLAINS,[TARGET TIME: 02:15:28],,,
LINDBLUM DRAGON'S GATE - EUNORUS PLAINS,"Enter Chocobo's Forest, then exit, call Choco, and return to play a game ofChocobo Hot&Cold. ",,,
LINDBLUM DRAGON'S GATE - EUNORUS PLAINS,"If you don't unearth the ""Stone with Patterns"" during your first game, reset and try again.",,,
LINDBLUM DRAGON'S GATE - EUNORUS PLAINS,"The ""Stone with Patterns"" will always be the ""Streamside"" Chocograph, so don't bother replaying in hopes of getting anything else. Once you have it, leave and save the game. ",,,
LINDBLUM DRAGON'S GATE - EUNORUS PLAINS,Now play another game of Hot&Cold. Reset until you find a Chocograph. ,,,
LINDBLUM DRAGON'S GATE - EUNORUS PLAINS,"When you do, exit and ride to South Gate; grab the two items, then leave and save your game on another save file.",,,
LINDBLUM DRAGON'S GATE - EUNORUS PLAINS,"Check which Chocograph you got. You'll need both ""Healing Shore"" and ""Small Beach"", so reload the earlier save if you didn't get either. ",,,
LINDBLUM DRAGON'S GATE - EUNORUS PLAINS,Return and play 1 more game in hopes of getting the other Chocograph! ,,,
LINDBLUM DRAGON'S GATE - EUNORUS PLAINS,Be sure to purchase Gysahl Greens before leaving so that you have at least 6 in your inventory.,,,
LINDBLUM DRAGON'S GATE - EUNORUS PLAINS,Equip Zidane with the Mage Masher and use Phoenix Down if needed. ,,,
LINDBLUM DRAGON'S GATE - EUNORUS PLAINS,Save your game near the forest by the river.,,,
LINDBLUM DRAGON'S GATE - EUNORUS PLAINS,PATH C & COMBINED - See FAQ for details,,,
LINDBLUM DRAGON'S GATE - EUNORUS PLAINS,[TARGET TIME: 02:22:55],,,
LINDBLUM DRAGON'S GATE - EUNORUS PLAINS,Head to the wild forest near the river and encounter a group of Mandragora.,,,
LINDBLUM DRAGON'S GATE - EUNORUS PLAINS,"Choose 1 Mandragora and have Vivi use Fire, Freya attack physically, and Quina use Eat to learn the almighty Limit Glove :)",,,
LINDBLUM DRAGON'S GATE - EUNORUS PLAINS,"Alternatively, have Zidane and Freya attack and Quina use Eat. This method also works if you get a pre-emptive strike!",,,
LINDBLUM DRAGON'S GATE - EUNORUS PLAINS,"Once you've done this, make either Vivi or Freya attack Quina to knock him/her out and then have Zidane use Flee to escape the battle without EXP.",,,
LINDBLUM DRAGON'S GATE - EUNORUS PLAINS,Mount Choco and ride back to Gizamaluke's Grotto; place everyone in the back row and save your game outside.,,,
LINDBLUM DRAGON'S GATE - EUNORUS PLAINS,"| TARGET TIME : 02:24:30 (+16:47) | TARGET GIL :  10,372 | ENCOUNTERS : 0 |",,,
EUNORUS PLAINS - DAINES-HORSE BASIN,Re-enter Gizamaluke's Grotto and check the soldier's body for another Gizamaluke Bell.,,,
EUNORUS PLAINS - DAINES-HORSE BASIN,"Go to the main chamber and run straight for the steps; you should be able to evade the Black Mage in that area by heading for the left railing and then quickly onto the steps. There isn't much strategy to this, just practice a bit if you're having trouble. The important thing is not to stop before reaching the steps.",,,
EUNORUS PLAINS - DAINES-HORSE BASIN,"At the top, go through the middle door and approach the bell to initiate some scenes.",,,
EUNORUS PLAINS - DAINES-HORSE BASIN,Grab the Gizamaluke Bell from the chest and return to the previous area.,,,
EUNORUS PLAINS - DAINES-HORSE BASIN,Open the door on the left and get a Gizamaluke Bell from the wounded soldier at the end of the path.,,,
EUNORUS PLAINS - DAINES-HORSE BASIN,Return to the area with the big bell and enter the moogles' room.,,,
EUNORUS PLAINS - DAINES-HORSE BASIN,"Tell Moguta that you like Kupo Nuts, read the letter Mogmi received from Moodon and save your game.",,,
EUNORUS PLAINS - DAINES-HORSE BASIN,[TARGET TIME: 02:26:47],,,
EUNORUS PLAINS - DAINES-HORSE BASIN,"Revive Quina and reset until he/she is revived with exactly 1 HP; revive Vivi and Freya as well, if needed.",,,
EUNORUS PLAINS - DAINES-HORSE BASIN,Exit the room and enter the opposite door to face...,,,
EUNORUS PLAINS - DAINES-HORSE BASIN,BATTLE: GIZAMALUKE,,,
EUNORUS PLAINS - DAINES-HORSE BASIN,• If Zidane's turn comes up before Quina's then you can try to Steal once if you like - the 256/256 Elixir certainly won't hurt. ,,,
EUNORUS PLAINS - DAINES-HORSE BASIN,• Use Quina's Limit Glove!,,,
EUNORUS PLAINS - DAINES-HORSE BASIN,  |   Z   | Protect Girls 22/35 |                     |                     |,,,
EUNORUS PLAINS - DAINES-HORSE BASIN,  |   F   | Bird Killer    7/30 | Dragon Killer  7/70 | Cover          7/30 |,,,
EUNORUS PLAINS - DAINES-HORSE BASIN,"As Steiner, speak to the guards by the gate.",,,
EUNORUS PLAINS - DAINES-HORSE BASIN,"Take the Multina Racket from the chest to the left of the gate, then speak to Part-time Worker Mary and choose whichever option you like.",,,
EUNORUS PLAINS - DAINES-HORSE BASIN,"Next speak with the guy ""repairing"" the left gate and choose what you want here, too.",,,
EUNORUS PLAINS - DAINES-HORSE BASIN,"Finally, talk to the guy on the far right and then make your way to the passageway.",,,
EUNORUS PLAINS - DAINES-HORSE BASIN,"Open the chest for a Potion, take Grimo's letter to Nazna and board the cable car.",,,
EUNORUS PLAINS - DAINES-HORSE BASIN,Run about halfway towards Cleyra and save your game.,,,
EUNORUS PLAINS - DAINES-HORSE BASIN,"  | TARGET TIME : 02:33:43 (+ 9:13) | TARGET GIL :  11,572 | ENCOUNTERS : 0 |",,,
OAK STAFF DETOUR,"Make your way to the coast. You may need to save again on the way, depending on how far you made it before your previous save.",,,
OAK STAFF DETOUR,"Call Choco, open the Chocograph menu and select ""Healing Shore"".",,,
OAK STAFF DETOUR,Dig up the Chocograph to get the Reef transformation.,,,
OAK STAFF DETOUR,"After getting the transformation, head back to Gizamaluke's Grotto and save outside.",,,
OAK STAFF DETOUR,"Go through the grotto, still evading the Black Mage, then run a little in the direction of Chocobo's Forest and save.",,,
OAK STAFF DETOUR,Make your way to the Chocobo tracks outside Chocobo's Forest; call Choco.,,,
OAK STAFF DETOUR,"Unearth the ""Streamside"" (it's along the way and quite profitable) and the ""Small Beach"" Chocographs.",,,
OAK STAFF DETOUR,"Return to Gizamaluke's Grotto, equip Vivi with your newly-acquired Oak Staff and save.",,,
OAK STAFF DETOUR,Go through the grotto one last time and save about halfway to Burmecia.,,,
OAK STAFF DETOUR,The last Black Mage can be fought on Disc 4 so can be left for now.,,,
OAK STAFF DETOUR,"  | TARGET TIME : 02:39:43 (+ 6:00) | TARGET GIL :  11,572 | ENCOUNTERS : 0 |",,,
DAINES-HORSE BASIN - START OF DISC 2,Ignore all items in Burmecia unless otherwise noted.,,,
DAINES-HORSE BASIN - START OF DISC 2,BATTLE: TYPE A x 2,,,
DAINES-HORSE BASIN - START OF DISC 2,You need to have Quina knocked out before reaching the save point so use the Needle Fork only for the first Type A. Once one of them is Stopped or Petrified have Quina knocked out and use Stop for the win. ,,,
DAINES-HORSE BASIN - START OF DISC 2,You should aim to finish this battle within 4 Stop/Petrify attempts.,,,
DAINES-HORSE BASIN - START OF DISC 2,"If the battle doesn't go that well, don't reset. Finish and try to complete this segment without returning to the world map. If you make it to the end without encounters then the time you lost with a sub-par battle will be made up for by not having backtracked. ",,,
DAINES-HORSE BASIN - START OF DISC 2,  |   Z   | Protect Girls 26/35 |                     |                     |,,,
DAINES-HORSE BASIN - START OF DISC 2,  |   F   | Bird Killer    9/30 | Dragon Killer  9/70 | Cover          9/30 |,,,
DAINES-HORSE BASIN - START OF DISC 2,If your battle went very well then you should save again.,,,
DAINES-HORSE BASIN - START OF DISC 2,  [TARGET TIME: 02:42:22],,,
DAINES-HORSE BASIN - START OF DISC 2,Run up the stairs to the right and head left until you reach a building with balconies inside.,,,
DAINES-HORSE BASIN - START OF DISC 2,"WALK across the plank to the chest with the Germinas Boots, then RUN back to make the plank fall to the level below.",,,
DAINES-HORSE BASIN - START OF DISC 2,Return to where you fought the Type A's and go through the door on the left.,,,
DAINES-HORSE BASIN - START OF DISC 2,"Go upstairs, through the door and jump across the balconies on the outside.",,,
DAINES-HORSE BASIN - START OF DISC 2,"Speak to the dying soldier, then pick up the Protection Bell from behind the bed and the Ether from behind the cabinet.",,,
DAINES-HORSE BASIN - START OF DISC 2,Now make your way back to the terrace with the locked door which you passed going to the Germinas Boots.,,,
DAINES-HORSE BASIN - START OF DISC 2,"Open and go through the door, then go up the stairs.",,,
DAINES-HORSE BASIN - START OF DISC 2,"Enter the doorway below the walkway, then return and take that walkway to the left door after the scene.",,,
DAINES-HORSE BASIN - START OF DISC 2,Go through the next door to appear in a courtyard; enter the left door.,,,
DAINES-HORSE BASIN - START OF DISC 2,Exit and enter the right door.,,,
DAINES-HORSE BASIN - START OF DISC 2,Remove everyone's equipment.,,,
DAINES-HORSE BASIN - START OF DISC 2,"Open the chest in the back of the room, buy Stiltzkin's deal, deliver the letter to Atla, accept the letter to Monev and finally save your game.",,,
DAINES-HORSE BASIN - START OF DISC 2,Revive Quina and reset until he/she is revived with exactly 1 HP; revive Vivi and Freya as well if needed.,,,
DAINES-HORSE BASIN - START OF DISC 2,Go outside and up the steps.,,,
DAINES-HORSE BASIN - START OF DISC 2,Choose to leave Freya alone.,,,
DAINES-HORSE BASIN - START OF DISC 2,BATTLE: Beatrix 1,,,
DAINES-HORSE BASIN - START OF DISC 2,"TARGET TIME : 02:51:05 (+11:22) | TARGET GIL :  11,239 | ENCOUNTERS : 0",,,
DAINES-HORSE BASIN - START OF DISC 2,CONGRATULATIONS! YOU'VE FINISHED DISC 1!,,,
START OF DISC 2 - BENTINI HEIGHTS,Enter Summit Station and get ready to do some shopping again!,,,
START OF DISC 2 - BENTINI HEIGHTS,SELL ,,,
START OF DISC 2 - BENTINI HEIGHTS,:  4 Hi-Potion           400,,,
START OF DISC 2 - BENTINI HEIGHTS,":  8 Ether             8,000",,,
START OF DISC 2 - BENTINI HEIGHTS,:  4 Remedy              600,,,
START OF DISC 2 - BENTINI HEIGHTS,:  2 Eye Drops            50,,,
START OF DISC 2 - BENTINI HEIGHTS,:  1 Annoyntment          75,,,
START OF DISC 2 - BENTINI HEIGHTS,:  2 Tent                800  * Sell all but 1 Tent.,,,
START OF DISC 2 - BENTINI HEIGHTS,":  8 Rising Sun        2,000",,,
START OF DISC 2 - BENTINI HEIGHTS,:  1 Mythril Spear       550,,,
START OF DISC 2 - BENTINI HEIGHTS,:  2 Leather Wrist       200,,,
START OF DISC 2 - BENTINI HEIGHTS,:  2 Bronze Gloves       480,,,
START OF DISC 2 - BENTINI HEIGHTS,:  1 Rubber Helm         125,,,
START OF DISC 2 - BENTINI HEIGHTS,:  1 Bronze Vest         335,,,
START OF DISC 2 - BENTINI HEIGHTS,": 38 Cotton Robe      76,000",,,
START OF DISC 2 - BENTINI HEIGHTS,":  4 Desert Boots      3,000",,,
START OF DISC 2 - BENTINI HEIGHTS,":  3 Germinas Boots    6,000",,,
START OF DISC 2 - BENTINI HEIGHTS,"BUY :  3 Silver Gloves     2,160",,,
START OF DISC 2 - BENTINI HEIGHTS,:  1 Mythril Gloves      980  * Buy 1 Mythril Gloves if you didn't Steal it from Zaghnol.,,,
START OF DISC 2 - BENTINI HEIGHTS,": 97 Steepled Hat     25,220",,,
START OF DISC 2 - BENTINI HEIGHTS,:  2 Iron Helm           900,,,
START OF DISC 2 - BENTINI HEIGHTS,: 10 Potion              500  * Top up your supply of Potion to 20,,,
START OF DISC 2 - BENTINI HEIGHTS,:  5 Phoenix Down        750  * Top up your supply of Phoenix Down to 10,,,
START OF DISC 2 - BENTINI HEIGHTS,"Optimize both Garnet and Steiner, but give Garnet the Feather Hat and also activate Steiner's Man Eater ability.",,,
START OF DISC 2 - BENTINI HEIGHTS,"Speak with the attendant between the exits and head outside, picking up the Phoenix Down from the chest.",,,
START OF DISC 2 - BENTINI HEIGHTS,"Re-enter the station after overhearing the conversation and speak to either Marcus or Cinna, and then to Steiner.",,,
START OF DISC 2 - BENTINI HEIGHTS,"Deliver Grimo's letter, accept Nazna's letter for Mochos and save your game.",,,
START OF DISC 2 - BENTINI HEIGHTS,Leave the station and board the cable car.,,,
START OF DISC 2 - BENTINI HEIGHTS,BATTLE: BLACK WALTZ #3 ,,,
START OF DISC 2 - BENTINI HEIGHTS, • If you didn't get the Coral Ring from the Festival of the Hunt then you'll need to Steal the Lightning Staff (64/256 = 1/4).,,,
START OF DISC 2 - BENTINI HEIGHTS," • Attack physically with everyone, including Garnet.",,,
START OF DISC 2 - BENTINI HEIGHTS, • Don't heal or revive anyone since Black Waltz #3 will damage himself every other turn once Steiner and Marcus are knocked out. ,,,
START OF DISC 2 - BENTINI HEIGHTS," • It's impossible to lose this battle unless you attack yourself, since Black Waltz #3 will never attack Garnet.",,,
START OF DISC 2 - BENTINI HEIGHTS,"At the fork, head LEFT, in the direction of Dali.",,,
START OF DISC 2 - BENTINI HEIGHTS,"Save in the middle of Nolrich Heights, then enter Dali.",,,
START OF DISC 2 - BENTINI HEIGHTS,[TARGET TIME: 02:58:00],,,
START OF DISC 2 - BENTINI HEIGHTS,"Revisit the shop and buy another 99 Wrist, as well as a Rod if you didn't get the Coral Ring during the Festival of the Hunt.",,,
START OF DISC 2 - BENTINI HEIGHTS,"Head to the farm plot to finally loot that elusive chest for an Elixir, and exit by way of the path to the right.",,,
START OF DISC 2 - BENTINI HEIGHTS,"Return to South Gate, then take the right path at the fork.",,,
START OF DISC 2 - BENTINI HEIGHTS,"Open the chest for 1,610 Gil, then make your way out of South Gate.",,,
START OF DISC 2 - BENTINI HEIGHTS,Save the moment it gets completely dark on Bentini Heights.,,,
START OF DISC 2 - BENTINI HEIGHTS,"TARGET TIME : 03:00:05 (+ 9:00) | TARGET GIL :  68,818 | ENCOUNTERS : 0 |",,,
BENTINI HEIGHTS - GARGAN ROO,"Enter Treno and watch the ATE ""Treno Tradition"" (press X when the ! appears to have him steal only 500 Gil as opposed to 1,000) and go down the left stairway.",,,
BENTINI HEIGHTS - GARGAN ROO,Go down the next set of stairs and enter the building across from the cafe.,,,
BENTINI HEIGHTS - GARGAN ROO,"Speak to the Four-Armed Man to claim your Power Belt, then continue into the synthesis shop.",,,
BENTINI HEIGHTS - GARGAN ROO,Synthesize as many Cotton Robe as you can afford.,,,
BENTINI HEIGHTS - GARGAN ROO,Return outside and head past the Card Stadium.,,,
BENTINI HEIGHTS - GARGAN ROO,"Enter the little tower to make Mogrich appear; run after him and read the letter he received from Stiltzkin, then save your game.",,,
BENTINI HEIGHTS - GARGAN ROO,"Now go into the weapon shop, sell all the Cotton Robe you just bought and buy the following equipment:",,,
BENTINI HEIGHTS - GARGAN ROO," BUY :5 Mythril Sword 6,500",,,
BENTINI HEIGHTS - GARGAN ROO," :5 Air Racket2,000",,,
BENTINI HEIGHTS - GARGAN ROO, :2 Bone Wrist660,,,
BENTINI HEIGHTS - GARGAN ROO, :1 Magus Hat 400,,,
BENTINI HEIGHTS - GARGAN ROO," :9 Bandana 4,500",,,
BENTINI HEIGHTS - GARGAN ROO," :2 Barbut1,200",,,
BENTINI HEIGHTS - GARGAN ROO, :1 Linen Cuirass 800,,,
BENTINI HEIGHTS - GARGAN ROO," : 14 Chain Mail 16,800",,,
BENTINI HEIGHTS - GARGAN ROO,"Next, optimize Steiner and activate MP Attack, Bird Killer and Counter.",,,
BENTINI HEIGHTS - GARGAN ROO,"Challenge Griffin; use a Tent on him and then just attack physically. If the Tent is unsuccessful, reset and try again. The battle can go very fast if Steiner gets the first turn and Counter activates at some point.",,,
BENTINI HEIGHTS - GARGAN ROO,"After the battle, return outside, watch the ATE ""Unexpected Visitor"", and save your game once more.",,,
BENTINI HEIGHTS - GARGAN ROO,[TARGET TIME: 03:04:07],,,
BENTINI HEIGHTS - GARGAN ROO,"Enter the Auction House to reunite with Garnet, then go back inside.",,,
BENTINI HEIGHTS - GARGAN ROO," * You need to win the Magician Robe, Madain's Ring, and Reflect Ring. ",,,
BENTINI HEIGHTS - GARGAN ROO," * Although it's possible for all three to appear in a single auction, it's very rare, and then you still need to win them at a reasonable price, so I suggest you plan two auctions and save in between.",,,
BENTINI HEIGHTS - GARGAN ROO," * You should also bid on Griffin's Heart, Doga's Artifact and Une's Mirror; you can turn a nice profit by selling them to the nobles in front of the synthesis shop for 10,000, 10,000 and 15,000 Gil, respectively! So make sure you win them at lower prices, obviously. ",,,
BENTINI HEIGHTS - GARGAN ROO," * The table below shows the price ranges for the items as listed in the Ultimania, as well as their resell values; you should aim to win the items at no more than the average price, and for the items you don't need or have already won, bid the average value to hopefully push the auction to its final stages faster. ",,,
BENTINI HEIGHTS - GARGAN ROO," * The Mini-Cid has a narrow price range, so bidding 2,000 to 2,400 Gil should finish the auction fast without you actually buying the item. You should avoid buying it because it's the easiest item to skip and you will have to do this many times when buying all the Promist Ring later on Disc 3.",,,
BENTINI HEIGHTS - GARGAN ROO," * Keep in mind that only the total Gil spent matters, so you can spend a bit more on some items if you get others much cheaper. In total, you should aim to spend no more than around 65,000 Gil (including the key items which you should sell for a profit).",,,
BENTINI HEIGHTS - GARGAN ROO," * Exiting and re-entering takes around 7 seconds, so it's OK if you do it once or twice per attempt if needed. ",,,
BENTINI HEIGHTS - GARGAN ROO," - Mini-Cid: PRICE RANGE 1,500 - 4,500 : AVERAGE 3,000: VALUE0",,,
BENTINI HEIGHTS - GARGAN ROO," - Griffin's Heart : PRICE RANGE 3,000 - 9,000 : AVERAGE 6,000: VALUE 10,000",,,
BENTINI HEIGHTS - GARGAN ROO," - Magician Robe : PRICE RANGE 3,500 - 10,500 : AVERAGE 7,000: VALUE 4,000",,,
BENTINI HEIGHTS - GARGAN ROO," - Doga's Artifact : PRICE RANGE 4,000 - 12,000 : AVERAGE 8,000: VALUE 10,000",,,
BENTINI HEIGHTS - GARGAN ROO," - Fairy Earrings: PRICE RANGE 4,000 - 12,000 : AVERAGE 8,000: VALUE 3,000",,,
BENTINI HEIGHTS - GARGAN ROO," - Une's Mirror: PRICE RANGE 6,000 - 18,000 : AVERAGE 12,000: VALUE 15,000",,,
BENTINI HEIGHTS - GARGAN ROO," - Madain's Ring : PRICE RANGE 3,500 - 10,500 : AVERAGE 7,000: VALUE 3,750",,,
BENTINI HEIGHTS - GARGAN ROO," - Reflect Ring: PRICE RANGE 6,000 - 18,000 : AVERAGE 12,000: VALUE 3,500",,,
BENTINI HEIGHTS - GARGAN ROO," - Pearl Rouge : PRICE RANGE 7,000 - 21,000 : AVERAGE 14,000: VALUE 2,000",,,
BENTINI HEIGHTS - GARGAN ROO, * COMBINED: You will also need to win the Pearl Rouge; Freya will need it when absorbing unavoidable EXP in the future.,,,
BENTINI HEIGHTS - GARGAN ROO,[TARGET TIME: 03:08:07],,,
BENTINI HEIGHTS - GARGAN ROO,"Head back to the synthesis shop and speak with the Adventurer, Nobleman and Scholar on the way to (hopefully) turn a nice profit on your goods.",,,
BENTINI HEIGHTS - GARGAN ROO," BUY : 31 Cotton Robe 31,000 Buy as many Cotton Robe as you can!",,,
BENTINI HEIGHTS - GARGAN ROO," :2 Coral Ring 2,400",,,
BENTINI HEIGHTS - GARGAN ROO," :1 Gold Choker 1,300",,,
BENTINI HEIGHTS - GARGAN ROO,Now head over to the Treno inn and speak with Marcus.,,,
BENTINI HEIGHTS - GARGAN ROO,Go down toward the dock and speak to Baku; ignore Steiner completely or you won't make it to the bottom.,,,
BENTINI HEIGHTS - GARGAN ROO,"After the attempted robbery, leave Treno and save midway to South Gate.",,,
BENTINI HEIGHTS - GARGAN ROO,[TARGET TIME: 03:12:03],,,
BENTINI HEIGHTS - GARGAN ROO,Head back to Dali and purchase another 99 Wrist.,,,
BENTINI HEIGHTS - GARGAN ROO,"It's possible to reach the town without saving. Save on Nolrich Heights after you leave, and then try to make it to Treno without any more saves.",,,
BENTINI HEIGHTS - GARGAN ROO,"Upon returning, go to Doctor Tot's tower and pick up the Mythril Dagger from the chest by the entrance.",,,
BENTINI HEIGHTS - GARGAN ROO,"Speak with Doctor Tot once Marcus grabs the Supersoft, then climb the ladders and go down the hatch.",,,
BENTINI HEIGHTS - GARGAN ROO,Deliver Nazna's letter to Mochos and save your game.,,,
BENTINI HEIGHTS - GARGAN ROO,"TARGET TIME : 03:17:19 (+17:14)TARGET GIL :38,513ENCOUNTERS : 0 ",,,
GARGAN ROO - CLEYRA'S TRUNK,"o Go down the left passage, flip the switch and open both chests. Then return to Mochos and head down the right passage.",,,
GARGAN ROO - CLEYRA'S TRUNK,"Go up, pull the lever and then return to the entrance of the right platform and go near the switch on the wall.",,,
GARGAN ROO - CLEYRA'S TRUNK,"Equip Garnet with a Feather Hat and give Steiner the Silver Gloves. Exchange Steiner's Bird Killer ability for HP+10%, then heal him. Equip Marcus too.",,,
GARGAN ROO - CLEYRA'S TRUNK,"GARNET: Multina Racket, Feather Hat, -, -, -: ,,",,,
GARGAN ROO - CLEYRA'S TRUNK,"STEINER: Mythril Sword, Barbut, Silver Gloves, Chain Mail, Power Belt: HP+10%,MP Attack,Counter",,,
GARGAN ROO - CLEYRA'S TRUNK,"MARCUS: Mythril Sword, Bandana, Wrist, Leather Plate, Yellow Scarf: ,,",,,
GARGAN ROO - CLEYRA'S TRUNK,Press the button once you're ready for the upcoming boss fight.,,,
GARGAN ROO - CLEYRA'S TRUNK,BATTLE: RALVURAHVA|,,,
GARGAN ROO - CLEYRA'S TRUNK," • Just attack with everyone and hope for a quick battle in terms of starting ATB gauges, Counterattacks, etc. Not much strategy involved. |",,,
GARGAN ROO - CLEYRA'S TRUNK,Save midway to the sandstorm.,,,
GARGAN ROO - CLEYRA'S TRUNK, [TARGET TIME: 03:22:40],,,
GARGAN ROO - CLEYRA'S TRUNK,"Enter the sandstorm, flip the switch and go through the door which opens.",,,
GARGAN ROO - CLEYRA'S TRUNK,Open the chest and continue onward.,,,
GARGAN ROO - CLEYRA'S TRUNK,Loot both chests in this chamber; there is a hidden one behind the branch in the middle.,,,
GARGAN ROO - CLEYRA'S TRUNK,"Go all the way up the walkway outside, enter the top cave and choose to put Zidane's hand into the hole in the wall.",,,
GARGAN ROO - CLEYRA'S TRUNK,"Pick up the Ether from the chest, return outside and enter the ornate entrance by climbing the vines.",,,
GARGAN ROO - CLEYRA'S TRUNK,Head into the tunnel-like passage and open both chests in the next area.,,,
GARGAN ROO - CLEYRA'S TRUNK,Deliver Atla's letter to Monev and save your game.,,,
GARGAN ROO - CLEYRA'S TRUNK,[TARGET TIME: 03:24:56],,,
GARGAN ROO - CLEYRA'S TRUNK,Equip your party as follows and place everyone in the back row:,,,
GARGAN ROO - CLEYRA'S TRUNK,"ZIDANE: Butterfly Sword, Bandana, Glass Armlet, Leather Shirt, Gold Choker: ,-,-",,,
GARGAN ROO - CLEYRA'S TRUNK,"VIVI: Oak Staff, Bandana, Leather Wrist, Magician Robe, Madain's Ring: ,-,-",,,
GARGAN ROO - CLEYRA'S TRUNK,"FREYA: Javelin, Barbut, Mythril Gloves, Chain Mail, Reflect Ring: ,-,-",,,
GARGAN ROO - CLEYRA'S TRUNK,"QUINA: Needle Fork, -, -, -, Yellow Scarf: Millionaire,,",,,
GARGAN ROO - CLEYRA'S TRUNK,Equipping Zidane and then optimizing Vivi and Freya seems to give the best results with the least need for changes afterwards.,,,
GARGAN ROO - CLEYRA'S TRUNK,"Continue your ascent up the tree trunk, grabbing the Flame Staff and Potion.",,,
GARGAN ROO - CLEYRA'S TRUNK,"Once you reach Cleyra, refuse Oracle Kildea's tour and head to the inn area, picking up the Phoenix Pinion and Ore along the way.",,,
GARGAN ROO - CLEYRA'S TRUNK,Do a little shopping with Burmecian Soldier Dan:,,,
GARGAN ROO - CLEYRA'S TRUNK, BUY :1 Mythril Rod 560,,,
GARGAN ROO - CLEYRA'S TRUNK," :2 Mage's Hat 1,200",,,
GARGAN ROO - CLEYRA'S TRUNK," :2 Mythril Helm 2,000",,,
GARGAN ROO - CLEYRA'S TRUNK,"Watch the ATE ""No Yummie-Yummies!"" and go up behind the inn, taking the Remedy on the stairs.",,,
GARGAN ROO - CLEYRA'S TRUNK,"In the next screen, watch the ATE ""There a Mushroom!"" and continue upwards to the cathedral.",,,
GARGAN ROO - CLEYRA'S TRUNK,"Speak with Tree Oracle Wylan and pick up the Yellow Scarf next to the entrance, then head back to the entrance of the settlement.",,,
GARGAN ROO - CLEYRA'S TRUNK,"Go right to the Antlion's sandpit, take the 970 Gil and speak to Quina.",,,
GARGAN ROO - CLEYRA'S TRUNK,"Open the 2 chests on the branch, jump down and go to Monev to save.",,,
GARGAN ROO - CLEYRA'S TRUNK,"| TARGET TIME : 03:29:03 (+11:44) | TARGET GIL :35,723 | ENCOUNTERS : 0 |",,,
CLEYRA's TRUNK - CLEYRA INN,"Return to Cleyra, picking up all the treasure you skipped earlier, except the 2 chests by the sinkholes, the Elixir and the chest behind the ladder to the settlement.",,,
CLEYRA's TRUNK - CLEYRA INN,"In the chamber after the bridge, I suggest going for the Remedy first, then continuing on through the little passage above the Remedy, which takes you to the exit at the top of the screen. Pick up the Mythril Gloves and return to the previous screen. Then, pick up the Mythril Vest and the Desert Boots and continue onward.",,,
CLEYRA's TRUNK - CLEYRA INN,Note that there is no need to manipulate the switch found at the end of the path with the Mythril Gloves. You will still be able to get the Elixir when going down the trunk as the sand will have stopped by itself by then.,,,
CLEYRA's TRUNK - CLEYRA INN,"Loot the inn, read the letter from Ruby and save your game.",,,
CLEYRA's TRUNK - CLEYRA INN,[TARGET TIME: 03:31:15],,,
CLEYRA's TRUNK - CLEYRA INN,Head straight to the Antlion's sinkhole to fight none other than...,,,
CLEYRA's TRUNK - CLEYRA INN,BATTLE: ANTLION,,,
CLEYRA's TRUNK - CLEYRA INN, • Your aim here is to get Quina down to 1 HP and use Limit Glove. ,,,
CLEYRA's TRUNK - CLEYRA INN," • It requires a fair bit of luck, but the simplest and fastest way of getting this done is letting Antlion do it for you with his Sandstorm attack. ",,,
CLEYRA's TRUNK - CLEYRA INN, • You can let Zidane Steal - all of the items can be sold for some Gil. ,,,
CLEYRA's TRUNK - CLEYRA INN,  |   Z   | Man Eater      5/25 | Insomniac      5/30 | Protect Girls * * * | Auto-Potion    5/30,,,
CLEYRA's TRUNK - CLEYRA INN,  |   F   | Distract       5/25 | Bird Killer   14/30 | Dragon Killer 19/70 |,,,
CLEYRA's TRUNK - CLEYRA INN,  |   V   | Auto-Potion    5/10 | Insomniac      5/25 |                     |,,,
CLEYRA's TRUNK - CLEYRA INN,Skip all the dialogue that follows and choose whichever answers you want to the prompts.,,,
CLEYRA's TRUNK - CLEYRA INN,"As Freya, go to the Cathedral and collect all the items inside; don't forget to speak to the High Priest to get an Emerald.",,,
CLEYRA's TRUNK - CLEYRA INN,"Return to the inn, buy Stiltzkin's new deal, read the letter from Monev and save your game.",,,
CLEYRA's TRUNK - CLEYRA INN,"  | TARGET TIME : 03:39:57 (+10:54) | TARGET GIL :  38,953 | ENCOUNTERS : 0 |",,,
CLEYRA INN - CLEYRA SANDPIT,Make your way to the entrance of Cleyra and equip your party as follows:,,,
CLEYRA INN - CLEYRA SANDPIT,"ZIDANE: Dagger, Bandana, Glass Armlet, Mythril Vest, Madain's Ring: Man Eater,,",,,
CLEYRA INN - CLEYRA SANDPIT,"VIVI: Oak Staff, Mage's Hat, Bone Wrist, Magician Robe, Gold Choker: ,,",,,
CLEYRA INN - CLEYRA SANDPIT,"QUINA: Needle Fork, Mage's Hat, Bone Wrist, Silk Robe, Yellow Scarf: Add Status,,",,,
CLEYRA INN - CLEYRA SANDPIT,"FREYA: Javelin, Barbut, Silver Gloves, Chain Mail, Reflect Ring: HP+10%,Distract,",,,
CLEYRA INN - CLEYRA SANDPIT,"Head down the trunk, picking up the 4 treasures you skipped earlier.",,,
CLEYRA INN - CLEYRA SANDPIT,BATTLE: SOLDIER x 2,,,
CLEYRA INN - CLEYRA SANDPIT, • Simply have Vivi cast a multi-target Bio spell; it will usually deal enough damage to make all the Soldiers escape.,,,
CLEYRA INN - CLEYRA SANDPIT," • Keep Zidane's Attack menu open once Vivi's animation begins. If a Soldier becomes Poisoned, she may die from the Poison damage before she can escape. Keeping the menu open prevents this while still allowing the Soldiers to escape.",,,
CLEYRA INN - CLEYRA SANDPIT," • If Bio doesn't deal sufficient damage, one attack from Zidane will finish the job. ",,,
CLEYRA INN - CLEYRA SANDPIT,BATTLE: SOLDIER x 2 ,,,
CLEYRA INN - CLEYRA SANDPIT, • Same as above.,,,
CLEYRA INN - CLEYRA SANDPIT,Use an Elixir on Vivi after this second battle.,,,
CLEYRA INN - CLEYRA SANDPIT,BATTLE: SOLDIER x 2,,,
CLEYRA INN - CLEYRA SANDPIT, • Same as above. ,,,
CLEYRA INN - CLEYRA SANDPIT,BATTLE: TYPE B ,,,
CLEYRA INN - CLEYRA SANDPIT, • Have Quina attack with the Needle Fork and Vivi cast Stop.,,,
CLEYRA INN - CLEYRA SANDPIT," • You should have enough MP for 3 castings of Stop, which should be enough to finish this battle.",,,
CLEYRA INN - CLEYRA SANDPIT,  |   Z   | Man Eater      6/25 | Insomniac      6/30 | Auto-Potion    6/30 | Body Temp      1/25 |,,,
CLEYRA INN - CLEYRA SANDPIT,  |   F   | Distract       6/25 | Bird Killer   15/30 | Dragon Killer 21/70 |,,,
CLEYRA INN - CLEYRA SANDPIT,  |   V   | Auto-Potion    7/10 |                     |                     |,,,
CLEYRA INN - CLEYRA SANDPIT,"After the battles, run into the sinkhole area, revive and heal your party if necessary, accept Mopli's letter to Serino and save your game.",,,
CLEYRA INN - CLEYRA SANDPIT,"  | TARGET TIME : 03:46:07 (+ 6:10) | TARGET GIL :  39,853 | ENCOUNTERS : 0 |",,,
CLEYRA SANDPIT - RED ROSE CABIN,Leave the sinkhole area and attempt to go up the steps.,,,
CLEYRA SANDPIT - RED ROSE CABIN,BATTLE: SOLDIER x 3 ,,,
CLEYRA SANDPIT - RED ROSE CABIN, • If Vivi ends this battle with less than 8 MP then you'll need to use an Elixir first thing during the next battle. ,,,
CLEYRA SANDPIT - RED ROSE CABIN," • It's preferable to use it here if you get the chance, i.e. if not all of the Soldiers escape at once have Freya or Quina use the Elixir before Zidane attacks. ",,,
CLEYRA SANDPIT - RED ROSE CABIN,BATTLE: TYPE B x 2,,,
CLEYRA SANDPIT - RED ROSE CABIN, • Have Quina attack with the Needle Fork and Vivi cast Stop.,,,
CLEYRA SANDPIT - RED ROSE CABIN," • Since this battle is so close to the save point, you shouldn't settle for any more than 4 castings of Stop. ",,,
CLEYRA SANDPIT - RED ROSE CABIN,  |   Z   | Man Eater      7/25 | Insomniac      7/30 | Auto-Potion    7/30 | Body Temp      2/25 ,,,
CLEYRA SANDPIT - RED ROSE CABIN,  |   F   | Distract       7/25 | Bird Killer   16/30 | Dragon Killer 23/70 |,,,
CLEYRA SANDPIT - RED ROSE CABIN,  |   V   | Auto-Potion    9/10 |                     |                     |,,,
CLEYRA SANDPIT - RED ROSE CABIN,Tell the Cleyran Oracles to head RIGHT when prompted.,,,
CLEYRA SANDPIT - RED ROSE CABIN,"Before moving on, take a moment to revive and heal any hurt party members; Vivi needs at least 26 MP for the next battle, but preferably more.",,,
CLEYRA SANDPIT - RED ROSE CABIN,Tell Dan's wife and children to head to the left.,,,
CLEYRA SANDPIT - RED ROSE CABIN,BATTLE: SOLDIER x 2 & TYPE B,,,
CLEYRA SANDPIT - RED ROSE CABIN, • Your first priority is to use Bio to get rid of the Soldiers. ,,,
CLEYRA SANDPIT - RED ROSE CABIN," • Have Quina attack the Type B in hopes of Petrifying it, but make sure it has enough HP to absorb the hit; if Vivi cast Bio, then have Freya use a Hi-Potion on it before Quina attacks, or immediately afterwards if Vivi hasn't cast yet.",,,
CLEYRA SANDPIT - RED ROSE CABIN," • Of course, also cast Stop once the Soldiers are gone. ",,,
CLEYRA SANDPIT - RED ROSE CABIN,  |   Z   | Man Eater      9/25 | Insomniac      9/30 | Auto-Potion    9/30 | Body Temp      4/25 |                     |                     |,,,
CLEYRA SANDPIT - RED ROSE CABIN,  |   F   | Distract       9/25 | Bird Killer   18/30 | Dragon Killer 27/70 |,,,
CLEYRA SANDPIT - RED ROSE CABIN,  |   V   | Auto-Potion   * * * |                     |                     |,,,
CLEYRA SANDPIT - RED ROSE CABIN,Tell Dan's wife and children to head LEFT when prompted.,,,
CLEYRA SANDPIT - RED ROSE CABIN,BATTLE: SOLDIER x 2 ,,,
CLEYRA SANDPIT - RED ROSE CABIN," • Quina must be knocked out in this battle, so don't cast Bio before having done so! ",,,
CLEYRA SANDPIT - RED ROSE CABIN, • Hopefully everyone survived all the battles and gained AP as above. ,,,
CLEYRA SANDPIT - RED ROSE CABIN,"After Beatrix runs off, claim your rewards from all 7 survivors, accept the letter to Serino if you haven't yet and save your game.",,,
CLEYRA SANDPIT - RED ROSE CABIN,[TARGET TIME: 03:54:35],,,
CLEYRA SANDPIT - RED ROSE CABIN,Make the following changes to your equipment:,,,
CLEYRA SANDPIT - RED ROSE CABIN,"ZIDANE: Mythril Dagger, Leather Hat, Bone Wrist, Mythril Vest, Yellow Scarf: Auto-Potion,Bandit,",,,
CLEYRA SANDPIT - RED ROSE CABIN,"VIVI: Oak Staff, Feather Hat, Leather Wrist, Magician Robe, Coral Ring: ,,",,,
CLEYRA SANDPIT - RED ROSE CABIN,"QUINA: Fork, -, -, -, -: ,,",,,
CLEYRA SANDPIT - RED ROSE CABIN,"FREYA: Javelin, Mythril Helm, Silver Gloves, Linen Cuirass, -: Cover,Insomniac,",,,
CLEYRA SANDPIT - RED ROSE CABIN,"Revive Quina and reset until he/she is revived with 1 HP, then run out of the cathedral and...",,,
CLEYRA SANDPIT - RED ROSE CABIN,BATTLE: BEATRIX 2,,,
CLEYRA SANDPIT - RED ROSE CABIN, • ...smack Beatrix with Limit Glove!,,,
CLEYRA SANDPIT - RED ROSE CABIN,"Follow Freya and Vivi after overhearing Brahne on the airship, then immediately return to the previous screen to find Serino the moogle.",,,
CLEYRA SANDPIT - RED ROSE CABIN,"Deliver the letter from Mopli, take the one from Serino and save your game once more.",,,
CLEYRA SANDPIT - RED ROSE CABIN,"  | TARGET TIME : 04:00:48 (+14:41) | TARGET GIL :  39,853 | ENCOUNTERS : 0 |",,,
RED ROSE CABIN - ALEXANDRIA CHAPEL,Return to the teleport pods and enter them by speaking to Vivi.,,,
RED ROSE CABIN - ALEXANDRIA CHAPEL,Break out from the cage.,,,
RED ROSE CABIN - ALEXANDRIA CHAPEL,You'll want to get through this area without a battle.,,,
RED ROSE CABIN - ALEXANDRIA CHAPEL,"It takes practice, but you can evade the soldiers by running straight towards them and then turning sharply just before you collide.",,,
RED ROSE CABIN - ALEXANDRIA CHAPEL,"Alternatively, you can try opening the disc cover or ejecting the disc tray while this screen is loading to create some choppiness and put the game into slow motion; the correct moment for opening the disc cover or ejecting the disc tray here is when you hear Steiner's armor clanking, but before the screen has been fully rendered.",,,
RED ROSE CABIN - ALEXANDRIA CHAPEL,"Hug the railing to make the guards run next to it, then evade them when they get close to you. You can also use the columns on the wall to get the guards stuck in them and then run by.",,,
RED ROSE CABIN - ALEXANDRIA CHAPEL,"Another method you may want to try, courtesy of AtmaChild, is using the PAUSE button. Pause whenever you get close to a guard, then make directional decisions by tilting the analog stick and resuming the game. Repeating this multiple times per guard could help you evade them.",,,
RED ROSE CABIN - ALEXANDRIA CHAPEL,Unequip Marcus before going onward after climbing the ladder! Give him the Iron Sword or Broadsword to replace the Mythril Sword if you equipped him with it earlier!,,,
RED ROSE CABIN - ALEXANDRIA CHAPEL,"After joining up with the rest of the party, run to where you first gained control of Steiner on Disc 1 and enter the door on the upper floor. Then, run straight and enter the center door to find the Queen's chamber.",,,
RED ROSE CABIN - ALEXANDRIA CHAPEL,Pull the purple lamp and enter the secret passage.,,,
RED ROSE CABIN - ALEXANDRIA CHAPEL,"Open both chests before proceeding further and equip Steiner with the Ice Brand, Bronze Helm, Mythril Gloves, Chain Mail and Power Belt; activate his Man Eater, MP Attack and Counter abilities.",,,
RED ROSE CABIN - ALEXANDRIA CHAPEL,"Place Steiner and Zidane in the front row, and Freya and Vivi in the back row.",,,
RED ROSE CABIN - ALEXANDRIA CHAPEL,Run all the way to the bottom of the pit and enter the chapel. ,,,
RED ROSE CABIN - ALEXANDRIA CHAPEL,BATTLE: ZORN & THORN,,,
RED ROSE CABIN - ALEXANDRIA CHAPEL," • Have Steiner attack Thorn, Freya attack whichever one gets the power up, and then Vivi cast a multi-target Blizzard spell on the party, in that order. ",,,
RED ROSE CABIN - ALEXANDRIA CHAPEL," • The Blizzard spell should bring Steiner, Zidane and Vivi to critical HP, in preparation for the upcoming battle against Beatrix. ",,,
RED ROSE CABIN - ALEXANDRIA CHAPEL, • Finish the battle with another attack from Steiner against Thorn. ,,,
RED ROSE CABIN - ALEXANDRIA CHAPEL," • You can have Zidane Steal when he gets a chance, but you don't really need any of their items.",,,
RED ROSE CABIN - ALEXANDRIA CHAPEL,You should reach Garnet by 26:00.,,,
RED ROSE CABIN - ALEXANDRIA CHAPEL,Exchange Zidane's Leather Hat for a Bandana and activate his Man Eater ability.,,,
RED ROSE CABIN - ALEXANDRIA CHAPEL,Read the letter Mosh received from Kupo and save your game.,,,
RED ROSE CABIN - ALEXANDRIA CHAPEL,"  | TARGET TIME : 04:07:59 (+ 7:11) | TARGET GIL :  39,853 | ENCOUNTERS : 0 |",,,
ALEXANDRIA RESCUE,Run all the way back to the Queen's chamber to confront Beatrix.,,,
ALEXANDRIA RESCUE,BATTLE: BEATRIX 3 ,,,
ALEXANDRIA RESCUE," • Have Steiner attack, Zidane attack, and Vivi use a Phoenix Down to revive Freya as necessary.",,,
ALEXANDRIA RESCUE, • Rinse and repeat. ,,,
ALEXANDRIA RESCUE," • You can also Steal once or twice, but none of the items are needed.",,,
ALEXANDRIA RESCUE,BATTLE: BANDERSNATCH,,,
ALEXANDRIA RESCUE," • Simply have Freya attack physically, then wait until she is knocked out somehow (either by herself or the enemy) before using Climhazzard to win the battle (Beatrix is fully healed before the next battle she'll be in, so you can afford to use Climhazzard here). ",,,
ALEXANDRIA RESCUE," • If Beatrix is knocked out, just use a Phoenix Down; Bandersnatch can only target 1 character per turn, so it will eventually take care of Freya for you, letting you defeat it with Beatrix.",,,
ALEXANDRIA RESCUE,"After the battle, place everyone in the back row and make some changes to your party's equipment:",,,
ALEXANDRIA RESCUE,"ZIDANE: Mythril Dagger, Bandana, Bone Wrist, Mythril Vest, Reflect Ring: Auto-Reflect,Auto-Potion,",,,
ALEXANDRIA RESCUE,"STEINER: Ice Brand, Mythril Helm, Silver Gloves, Chain Mail, Coral Ring: HP+10%,Insomniac,",,,
ALEXANDRIA RESCUE,"VIVI: Oak Staff, Mage's Hat, Bone Wrist, Magician Robe, Madain's Ring: Auto-Potion,,",,,
ALEXANDRIA RESCUE,"GARNET: Mythril Rod, Mage's Hat, Glass Armlet, Silk Robe, Gold Choker: Auto-Potion,,",,,
ALEXANDRIA RESCUE,Continue down the steps and get ready for the biggest Stop-fest in the game.,,,
ALEXANDRIA RESCUE,BATTLE: TYPE C x 3,,,
ALEXANDRIA RESCUE, • Cast Stop non-stop >__> ,,,
ALEXANDRIA RESCUE, • Have Garnet cast multi-target Silence on all the Type C's until they are all either Stopped or Silenced. ,,,
ALEXANDRIA RESCUE," • Zidane can Steal to grab some Potion and/or Tent, and Steiner should Defend and throw Phoenix Down, Potion and/or Elixir if necessary. ",,,
ALEXANDRIA RESCUE, • Concentrate your efforts on the Type C at the top of the list - for some reason it's stronger than the other two. ,,,
ALEXANDRIA RESCUE, • Rejoice if you manage to finish without having to use an Elixir!,,,
ALEXANDRIA RESCUE,Replace Vivi's Madain's Ring with the second Coral Ring and activate his,,,
ALEXANDRIA RESCUE, Insomniac ability. Also remove Steiner's Silver Gloves.,,,
ALEXANDRIA RESCUE,"Revive and heal anyone that needs it, use an Elixir on Vivi if he has no",,,
ALEXANDRIA RESCUE," MP left, and continue down the stairs.",,,
ALEXANDRIA RESCUE,BATTLE: BANDERSNATCH x 2 ,,,
ALEXANDRIA RESCUE, • You're pretty much invincible so just spam Stop until the battle ends.,,,
ALEXANDRIA RESCUE," • Again, you can Steal to get back some Potion and also Tent. ",,,
ALEXANDRIA RESCUE,"Once the battle is over, REVIVE AND HEAL STEINER before continuing down the",,,
ALEXANDRIA RESCUE, stairs!,,,
ALEXANDRIA RESCUE,BATTLE: BANDERSNATCH,,,
ALEXANDRIA RESCUE, • If you make it past this battle having used only 1 (or even none!) Elixir on Vivi up to this point then you've had a very good run!,,,
ALEXANDRIA RESCUE, • Below is a summary of relevant AP gains for this series of battles:,,,
ALEXANDRIA RESCUE,  |   Z   | Auto-Reflect   6/95 | Distract       6/30 | Man Eater     15/25 | Insomniac     15/30 | Auto-Potion   15/30 |                     |,,,
ALEXANDRIA RESCUE,  |   V   | Insomniac      4/25 |   ,,,
ALEXANDRIA RESCUE,"After this point, there's nothing you can do from a survival standpoint except hope that luck is on your side.",,,
ALEXANDRIA RESCUE,Everything you accomplished so far will now depend on how full Beatrix's and Steiner's ATB gauges will be at the start of the upcoming battles.,,,
ALEXANDRIA RESCUE,BATTLE: BANDERSNATCH x 2,,,
ALEXANDRIA RESCUE, • Use Climhazzard as quickly as possible. ,,,
ALEXANDRIA RESCUE,BATTLE: BANDERSNATCH x 2,,,
ALEXANDRIA RESCUE," • Have Steiner use an Elixir on Beatrix as soon as possible, then wait for him to get knocked out somehow (either by himself or an enemy) before using Climhazzard to end this last battle. ",,,
ALEXANDRIA RESCUE," • If Beatrix is knocked out, don't reset - just use a Phoenix Down. Steiner won't go down as quickly as it may seem if he's got the Coral Ring and is in the back row.",,,
ALEXANDRIA RESCUE," • If Steiner is knocking himself out, open Beatrix's Seiken menu the moment he acts and wait to see whether he is successful as you wouldn't want to redo all of this if he happens to survive or miss! This also stops the Bandersnatches' ATB gauges from filling up during the animation. Use Climhazzard once you see that Steiner is in fact knocked out.",,,
ALEXANDRIA RESCUE,"As if all this wasn't enough, you can still run into a random battle after regaining control of Zidane's group. Don't move before you equip him with the Dagger, then head for the chapel.",,,
ALEXANDRIA RESCUE,"If you do get a battle, just use Flee as soon as possible; don't reset, as the 30-45 seconds a battle would take is little compared to how much time you could lose due to bad luck with Stop - not to mention real-life time.",,,
ALEXANDRIA RESCUE,"Accept the letter for Monty, then finally save your game!",,,
ALEXANDRIA RESCUE,"  | TARGET TIME : 04:24:34 (+16:35) | TARGET GIL :  41,588 | ENCOUNTERS : 0 |",,,
ALEXANDRIA CHAPEL - EUNORUS PLAINS,"Equip Zidane with the Mythril Dagger, then remove Garnet's Silk Robe and Gold Choker; give the robe to Vivi and also equip him with the Ice Staff and Magus Hat; activate his Ability Up ability and Zidane's Bandit.",,,
ALEXANDRIA CHAPEL - EUNORUS PLAINS,Head for the Gargant platform. ,,,
ALEXANDRIA CHAPEL - EUNORUS PLAINS, BATTLE: RALVUIMAGO ,,,
ALEXANDRIA CHAPEL - EUNORUS PLAINS," • Have Vivi cast Blizzara, Zidane Steal and Garnet attack physically, in that order. ",,,
ALEXANDRIA CHAPEL - EUNORUS PLAINS," • The boss will coil up, but will not attack while in this state. ",,,
ALEXANDRIA CHAPEL - EUNORUS PLAINS," • While he is coiled up, have Zidane Steal. Wait for the boss to uncoil then rinse and repeat the attack pattern. ",,,
ALEXANDRIA CHAPEL - EUNORUS PLAINS, • It takes 3 Blizzara spells to win. ,,,
ALEXANDRIA CHAPEL - EUNORUS PLAINS, • You can also skip Garnet's attack during the first round and hope the boss doesn't use Thundara - this saves a round of coiling. ,,,
ALEXANDRIA CHAPEL - EUNORUS PLAINS, • Make sure you Steal the Adaman Vest (64/256) - you will soon need it for fighting Lani.,,,
ALEXANDRIA CHAPEL - EUNORUS PLAINS, Z Auto-Reflect 13/95 Distract 13/30 Man Eater 22/25 Insomniac 22/30 Auto-Potion 22/30 ,,,
ALEXANDRIA CHAPEL - EUNORUS PLAINS, V Insomniac 18/25 ,,,
ALEXANDRIA CHAPEL - EUNORUS PLAINS,"Once you gain control of Garnet, head straight back to the crash site to find the ending of the Hero's Tale.",,,
ALEXANDRIA CHAPEL - EUNORUS PLAINS,Return and run leftwards on the top path to find another piece of the story.,,,
ALEXANDRIA CHAPEL - EUNORUS PLAINS,Deliver Mosh's letter to Monty and save your game.,,,
ALEXANDRIA CHAPEL - EUNORUS PLAINS, [TARGET TIME: 04:32:54],,,
ALEXANDRIA CHAPEL - EUNORUS PLAINS,"Pinnacle Rocks is theoretically skippable, but since you're collecting all the treasure, you may as well get the story pieces; they're right next to the chests, after all.",,,
ALEXANDRIA CHAPEL - EUNORUS PLAINS,"Open the chest at the bottom of the slope, then find another segment of the story below the top path in a little cove.",,,
ALEXANDRIA CHAPEL - EUNORUS PLAINS,"Go left and approach the chest to find yet another part, and open the chest afterwards.",,,
ALEXANDRIA CHAPEL - EUNORUS PLAINS,Go up the branch and around to jump down to the chest below; find the fifth piece of the story near this chest.,,,
ALEXANDRIA CHAPEL - EUNORUS PLAINS,Return and go past the point where you jumped to meet Ramuh. Recite the story with the ending you wish and attempt to leave Pinnacle Rocks.,,,
ALEXANDRIA CHAPEL - EUNORUS PLAINS,"When given the choice to jump off from the ledge, choose NOT to and return to Monty to read the letter he received from Stiltzkin, save, and then leave Pinnacle Rocks. Monty is unreachable on Disc 4, meaning it won't be visible whether you read this letter or not, so if you don't care about it then you can jump off and save about a minute.",,,
ALEXANDRIA CHAPEL - EUNORUS PLAINS,"In Lindblum, enter the inn, deliver Serino's letter, accept Moodon's letter and read the letter from Ruby; save if you wish.",,,
ALEXANDRIA CHAPEL - EUNORUS PLAINS,"Exit the inn and head to the market square, taking care not to trigger the scene with the crowd around the black mage. Do this by walking as close as possible to the left side of the screen.",,,
ALEXANDRIA CHAPEL - EUNORUS PLAINS,"At the square, search Card Freak Gon's house and the rubble to the left of it, then head to the shopping area to initiate some scenes.",,,
ALEXANDRIA CHAPEL - EUNORUS PLAINS,"You'll find yourself in the shopping area afterwards, so drop by the synthesis shop and buy an Exploda.",,,
ALEXANDRIA CHAPEL - EUNORUS PLAINS,"Take an aircab to the Theater District, and loot Artist Michael's studio and the Tantalus hideout. Then, speak to Lowell outside the hideout to recruit him into Ruby's theater in Alexandria.",,,
ALEXANDRIA CHAPEL - EUNORUS PLAINS,Return to the Business District and tell the man that you're ready to leave.,,,
ALEXANDRIA CHAPEL - EUNORUS PLAINS,"Deliver Moodon's letter to Moonte at the Dragon's Gate, then save.",,,
ALEXANDRIA CHAPEL - EUNORUS PLAINS," TARGET TIME : 04:43:21 (+18:47) TARGET GIL : 46,587 ENCOUNTERS : 0 ",,,
